{
  "hosting": {
    "public": "src/frontend/dist",
    "ignore": [
      "firebase.json",
      "**/.*",
      "**/node_modules/**"
    ],
    "rewrites": [
      {
        "source": "/api/**",
        "function": "api"
      },
      {
        "source": "**",
        "destination": "/index.html"
      }
    ],
    "headers": [
      {
        "source": "/api/**",
        "headers": [
          {
            "key": "Access-Control-Allow-Origin",
            "value": "https://music-list-fb0b2.web.app, https://api.spotify.com, https://accounts.spotify.com"
          },
          {
            "key": "Access-Control-Allow-Credentials",
            "value": "true"
          }
        ]
      }
    ]
  },
  "functions": [
    {
      "source": "./src/backend/functions",
      "codebase": "default",
      "ignore": [
        "node_modules",
        ".git",
        "firebase-debug.log",
        "firebase-debug.*.log"
      ],
      "predeploy": [
        "npm --prefix \"$RESOURCE_DIR\" run lint"
      ]
    }
  ],
  "emulators": {
    "functions": {
      "port": 5001
    },
    "hosting": {
      "port": 5000
    },
    "ui": {
      "enabled": false
    },
    "singleProjectMode": true
  }
}
